name,username,description,location,followers,numberstatuses,time,tweets
GunsandCoffee,GunsandCoffee70,ENGLISH TRANSLATIONS: http://t.co/QLdJ0ftews,,640,49,01-06-2015 21:07,ENGLISH TRANSLATION: 'A MESSAGE TO THE TRUTHFUL IN SYRIA - SHEIKH ABU MUHAMMED AL MAQDISI: http://t.co/73xFszsjvr http://t.co/x8BZcscXzq
GunsandCoffee,GunsandCoffee70,ENGLISH TRANSLATIONS: http://t.co/QLdJ0ftews,,640,49,01-06-2015 21:27,"ENGLISH TRANSLATION: SHEIKH FATIH AL JAWLANI 'FOR THE PEOPLE OF INTEGRITY, SACRIFICE IS  EASY' http://t.co/uqqzXGgVTz http://t.co/A7nbjwyHBr"
GunsandCoffee,GunsandCoffee70,ENGLISH TRANSLATIONS: http://t.co/QLdJ0ftews,,640,49,01-06-2015 21:29,ENGLISH TRANSLATION: FIRST AUDIO MEETING WITH SHEIKH FATIH AL JAWLANI (HA): http://t.co/TgXT1GdGw7 http://t.co/ZuE8eisze6
GunsandCoffee,GunsandCoffee70,ENGLISH TRANSLATIONS: http://t.co/QLdJ0ftews,,640,49,01-06-2015 21:37,"ENGLISH TRANSLATION: SHEIKH NASIR AL WUHAYSHI (HA), LEADER OF AQAP: 'THE PROMISE OF VICTORY': http://t.co/3qg5dKlIwr http://t.co/7bqk1wJAzC"
GunsandCoffee,GunsandCoffee70,ENGLISH TRANSLATIONS: http://t.co/QLdJ0ftews,,640,49,01-06-2015 21:45,ENGLISH TRANSLATION: AQAP: 'RESPONSE TO SHEIKH BAGHDADIS STATEMENT 'ALTHOUGH THE DISBELIEVERS DISLIKE IT.' http://t.co/2EYm9EymTe
GunsandCoffee,GunsandCoffee70,ENGLISH TRANSLATIONS: http://t.co/QLdJ0ftews,,640,49,01-06-2015 21:51,THE SECOND CLIP IN A DA'WAH SERIES BY A SOLDIER OF JN: Video Link :http://t.co/EPaPRlph5W http://t.co/4VUYszairt
GunsandCoffee,GunsandCoffee70,ENGLISH TRANSLATIONS: http://t.co/QLdJ0ftews,,640,49,01-06-2015 22:04,ENGLISH TRANSCRIPT : OH MURABIT! : http://t.co/hujLj9KGkG http://t.co/t9IxMtBVGK
GunsandCoffee,GunsandCoffee70,ENGLISH TRANSLATIONS: http://t.co/QLdJ0ftews,,640,49,01-06-2015 22:06,ENGLISH TRANSLATION: 'A COLLECTION OF THE WORDS OF THE U'LAMA REGARDING DAWLAH': http://t.co/AJbayWNxDQ http://t.co/mAycbhaUzH
GunsandCoffee,GunsandCoffee70,ENGLISH TRANSLATIONS: http://t.co/QLdJ0ftews,,640,49,01-06-2015 22:17,Aslm Please share our new account after the previous one was suspended.@KhalidMaghrebi @seifulmaslul123 @CheerLeadUnited
GunsandCoffee,GunsandCoffee70,ENGLISH TRANSLATIONS: http://t.co/QLdJ0ftews,,640,49,01-10-2015 00:05,ENGLISH TRANSLATION: AQAP STATEMENT REGARDING THE BLESSED RAID IN FRANCE:http://t.co/qvErFO25Qj http://t.co/YIcnGMVjiX
GunsandCoffee,GunsandCoffee70,ENGLISH TRANSLATIONS: http://t.co/QLdJ0ftews,,640,49,01-10-2015 00:08,@KhalidMaghrebi @seifulmaslul123 @CheerLeadUnited @IbnNabih1
GunsandCoffee,GunsandCoffee70,ENGLISH TRANSLATIONS: http://t.co/QLdJ0ftews,,640,49,01-12-2015 23:10,"NEW LINK, AFTER PREVIOUS ONE TAKEN DOWN:AQAP-'THE FACES HAVE BEEN BRIGHTENED' -REGARDING THE BLESSED ATTACK IN FRANCE http://t.co/RaLSnPd547"
GunsandCoffee,GunsandCoffee70,ENGLISH TRANSLATIONS: http://t.co/QLdJ0ftews,,640,49,1/22/2015 20:14,ENGLISH TRANSLATION- SHEIKH ABU HASAN AL KUWAITI (HA) ADVICE OF NABI S.A.W TO THE MUJAHIDEEN: https://t.co/QcKBdeCdty http://t.co/SUDbVtQtTG
GunsandCoffee,GunsandCoffee70,ENGLISH TRANSLATIONS: http://t.co/QLdJ0ftews,,640,49,1/22/2015 20:47,"SHEIKH ABU HASSAN AL KUWAITI (HA): ADVICE OF NABI SAW TO THE MUJAHIDEEN: 
http://t.co/bJ24uNFNIT http://t.co/99nsW0Nzxa"
GunsandCoffee,GunsandCoffee70,ENGLISH TRANSLATIONS: http://t.co/QLdJ0ftews,,640,49,02-09-2015 10:54,@IbnNabih1 @MuwMedia @Dawlat_islam7 Not translating it either.
GunsandCoffee,GunsandCoffee70,ENGLISH TRANSLATIONS: http://t.co/QLdJ0ftews,,640,49,02-12-2015 13:03,"Aslm, anybody translating the new JN video? Will translate it if  nobody else is @IbnNabih1 @KhalidMaghrebi_ @MuwMedia @Polder_Mujahid"
GunsandCoffee,GunsandCoffee70,ENGLISH TRANSLATIONS: http://t.co/QLdJ0ftews,,640,49,02-12-2015 13:11,@IbnNabih1 @KhalidMaghrebi_ @MuwMedia @Polder_Mujahid So we will translate it then inshallah let us knw if anybody is available for the subs
GunsandCoffee,GunsandCoffee70,ENGLISH TRANSLATIONS: http://t.co/QLdJ0ftews,,640,49,2/16/2015 15:57,"@IbnNabih1 @abuw_ukasyah @polder_mujaahid @AbuIzzadeen2 @MuwMedia  half way through, a few more days inshallah, been very busy."
GunsandCoffee,GunsandCoffee70,ENGLISH TRANSLATIONS: http://t.co/QLdJ0ftews,,640,49,2/20/2015 16:28,"@AbdirahmanBash2 @KhalidMaghrebi_ @IbnNabih1 @Polder_Mujahid  Aslm, we have completed the translation with the exception of a few news"
GunsandCoffee,GunsandCoffee70,ENGLISH TRANSLATIONS: http://t.co/QLdJ0ftews,,640,49,2/20/2015 16:29,"@AbdirahmanBash2 @KhalidMaghrebi_ @IbnNabih1 @Polder_Mujahid reports and words of the Syrian people, will have that completed by tomorrow"
GunsandCoffee,GunsandCoffee70,ENGLISH TRANSLATIONS: http://t.co/QLdJ0ftews,,640,49,2/20/2015 16:30,"@AbdirahmanBash2 @KhalidMaghrebi_ @IbnNabih1 @Polder_Mujahid  inshallah. Should we still finish it, or not?"
GunsandCoffee,GunsandCoffee70,ENGLISH TRANSLATIONS: http://t.co/QLdJ0ftews,,640,49,2/26/2015 20:36,"NEW links for #JN Video - ENG Subs: The Path of Salvation :
WATCH:
http://t.co/1hLwtP3XOd
http://t.co/jcviGUdedv http://t.co/SzOgGMvPMI"
GunsandCoffee,GunsandCoffee70,ENGLISH TRANSLATIONS: http://t.co/QLdJ0ftews,,640,49,2/26/2015 20:40,"DOWNLOAD #JN Video With English Subtitles: The Path of Salvation #Ø³Ø¨ÙŠÙ„_Ø§Ù„Ù†Ø¬Ø§Ø©
https://t.co/HGZPYIAsw0 http://t.co/50UpXYFTwO"
GunsandCoffee,GunsandCoffee70,ENGLISH TRANSLATIONS: http://t.co/QLdJ0ftews,,640,49,2/28/2015 23:35,"Video by @ansardeenfront with Eng Subtitles: 'Save Aleppo' 
WATCH: http://t.co/RjuFazPf0S 
DOWNLOAD: http://t.co/5Q0Ye0njKR
@a8531"
GunsandCoffee,GunsandCoffee70,ENGLISH TRANSLATIONS: http://t.co/QLdJ0ftews,,640,49,03-04-2015 07:31,"ENGLISH TRANSLATION: A Pamphlet Released By #JN Regarding #IS 
Group of â€˜Dawlahâ€™ and the Islamic Ruling Regarding it
http://t.co/BykvOiIN2Z"
GunsandCoffee,GunsandCoffee70,ENGLISH TRANSLATIONS: http://t.co/QLdJ0ftews,,640,49,04-01-2015 13:18,"Aslm, anybody translating the new audio of Sheikh Jawlani? Will do it if no one else is.@IbnNabih1 @Emerat_AQ_islam @_KhalidMaghrebi"
GunsandCoffee,GunsandCoffee70,ENGLISH TRANSLATIONS: http://t.co/QLdJ0ftews,,640,49,5/13/2015 21:16,"@abuhamzaneh @50W30 @JN_Irhabiyya_97 @Aba_M0hammed Aslm, Will do it inshallah"
GunsandCoffee,GunsandCoffee70,ENGLISH TRANSLATIONS: http://t.co/QLdJ0ftews,,640,49,5/29/2015 9:53,"RT @GIIMedia_CH004: Rules Of Imarah Part2 - Conditions of Imamah
https://t.co/Ga9SUS308a
Introductions And Definitions 
English Translationâ€¦"
GunsandCoffee,GunsandCoffee70,ENGLISH TRANSLATIONS: http://t.co/QLdJ0ftews,,640,49,06-03-2015 11:16,"ENGLISH TRANSLATION: Dialogue with Sheikh Tartoosi Part 2 
 http://t.co/AoAuRoTs5y"
Abu Layth Al Hindi,AbuLaythAlHindi,Kik: abulayth2014. Ex South African. Currently in shaam under the khilafa. And to AllÄh belongs all Glory and praise.,Islamic State,68,18,07-07-2015 06:02,"â€â€Œâ€Œâ€Œâ€Œâ€â€Œâ€Œâ€ŒğŸ”»â€Œâ€Œ[ Ø§Ù„Ø¥Ø«Ù†ÙŠÙ†  1436/9/19 Ù‡Ù€ ]â€â€Œâ€Œâ€Œâ€Œâ€â€â€â€â€ŒğŸ”ºâ€Œ
Ø§Ù„Ù†Ù‘Ø´Ø±Ø© ØµÙˆØªÙŠÙ‘Ø© | â€â€Œâ€Œâ€Œâ€Œâ€â€Œâ€â€â€â€ŒğŸ”Šâ€Œâ€Œ Ùˆ Ù…ÙƒØªÙˆØ¨Ø© | 
https://t.co/g4vz77lEVt
#Ø¯ÙˆÙ„Ø©_Ø§Ù„Ø®Ù„Ø§ÙØ©"
Abu Layth Al Hindi,AbuLaythAlHindi,Kik: abulayth2014. Ex South African. Currently in shaam under the khilafa. And to AllÄh belongs all Glory and praise.,Islamic State,68,18,8/17/2015 20:20,#BREAKING #CONFIRMED Islamic State takes control of al-Jusiya border post linking Jurud al-Qaa in Lebanon to Qusayr in Homs countryside
Ø§Ø¨Ùˆ Ø§Ù„Ø¯Ø±Ø¯Ø§Ø¡ #Ø®Ù„Ø§ÙØ©,YazeedDhardaa25,Observing a JIHAD NEWS mainly about Islamic State.,,904,127,8/26/2015 17:23,Salamu Alaykum. I'm back. Do supports and spread my new account. Barakallahu Feekum http://t.co/wXpW7vGXdw
Ø§Ø¨Ùˆ Ø§Ù„Ø¯Ø±Ø¯Ø§Ø¡ #Ø®Ù„Ø§ÙØ©,YazeedDhardaa25,Observing a JIHAD NEWS mainly about Islamic State.,,904,127,8/26/2015 17:24,@YazeedDhardaa25 cc @ibn_nuhas @Jazrawi_Uod @striv3ride @AfroQaqaisback
abu baker aldimashqi,abubakerdimshqi,,,112,273,8/28/2015 23:08,"best generation ever, TAKBIRRR #IS #Dawlah #cubs https://t.co/N9iwCfnMzT"
Ø§Ø¨Ùˆ Ø§Ù„Ø¯Ø±Ø¯Ø§Ø¡ #Ø®Ù„Ø§ÙØ©,YazeedDhardaa25,Observing a JIHAD NEWS mainly about Islamic State.,,904,127,8/29/2015 4:33,@baqiya58 Jazakallahu akhi
Ø§Ø¨Ùˆ Ø§Ù„Ø¯Ø±Ø¯Ø§Ø¡ #Ø®Ù„Ø§ÙØ©,YazeedDhardaa25,Observing a JIHAD NEWS mainly about Islamic State.,,904,127,8/29/2015 4:33,@umulbanat1 Jazakallahu ukh
Ø§Ø¨Ùˆ Ø§Ù„Ø¯Ø±Ø¯Ø§Ø¡ #Ø®Ù„Ø§ÙØ©,YazeedDhardaa25,Observing a JIHAD NEWS mainly about Islamic State.,,904,127,8/29/2015 4:34,@AlJabarti22 Jazakallahu akh
Ø§Ø¨Ùˆ Ø§Ù„Ø¯Ø±Ø¯Ø§Ø¡ #Ø®Ù„Ø§ÙØ©,YazeedDhardaa25,Observing a JIHAD NEWS mainly about Islamic State.,,904,127,8/29/2015 4:34,@UmmAysha20___ Jazakallahu ukhti @Abtigood @AsadAlKanadi10
Ø§Ø¨Ùˆ Ø§Ù„Ø¯Ø±Ø¯Ø§Ø¡ #Ø®Ù„Ø§ÙØ©,YazeedDhardaa25,Observing a JIHAD NEWS mainly about Islamic State.,,904,127,8/29/2015 4:35,@BintRose33 Jazakallahu ukhti @AbuHaleema28 @skxxx50 @Abtigood @_Muslimah1___ @JasonPhedo @AlJabali23 @AbdullahKayaNIW @CheckContentt
Ø§Ø¨Ùˆ Ø§Ù„Ø¯Ø±Ø¯Ø§Ø¡ #Ø®Ù„Ø§ÙØ©,YazeedDhardaa25,Observing a JIHAD NEWS mainly about Islamic State.,,904,127,8/29/2015 20:16,@Skxx51 Actually he has been changed drastically after IS took a revenged and encircled them in DEZ @striv3ric @War_Reports (1)
Ø§Ø¨Ùˆ Ø§Ù„Ø¯Ø±Ø¯Ø§Ø¡ #Ø®Ù„Ø§ÙØ©,YazeedDhardaa25,Observing a JIHAD NEWS mainly about Islamic State.,,904,127,8/29/2015 20:17,@Skxx51 he can't accept the mubahala between Sh Adnani &amp; Abu Abdullah Shami where the truth is on IS @striv3ric @War_Reports (2)
Ø§Ø¨Ùˆ Ø§Ù„Ø¯Ø±Ø¯Ø§Ø¡ #Ø®Ù„Ø§ÙØ©,YazeedDhardaa25,Observing a JIHAD NEWS mainly about Islamic State.,,904,127,8/29/2015 20:20,@Skxx51 If all of you remember his tweets from his first acc he used to support IS and made a clarification the @striv3ric @War_Reports(3)
Ø§Ø¨Ùˆ Ø§Ù„Ø¯Ø±Ø¯Ø§Ø¡ #Ø®Ù„Ø§ÙØ©,YazeedDhardaa25,Observing a JIHAD NEWS mainly about Islamic State.,,904,127,8/29/2015 20:22,@Skxx51 truth behind Jan13 where he's asserted that FSA the one who start the infighting and killing muhajireen @striv3ric @War_Reports(4)
Ø§Ø¨Ùˆ Ø§Ù„Ø¯Ø±Ø¯Ø§Ø¡ #Ø®Ù„Ø§ÙØ©,YazeedDhardaa25,Observing a JIHAD NEWS mainly about Islamic State.,,904,127,8/29/2015 20:33,@Skxx51 those who doesn't know him will says that his tweets are true and he's on haqq.. @striv3ric
Ø§Ø¨Ùˆ Ø§Ù„Ø¯Ø±Ø¯Ø§Ø¡ #Ø®Ù„Ø§ÙØ©,YazeedDhardaa25,Observing a JIHAD NEWS mainly about Islamic State.,,904,127,8/29/2015 20:42,"History repeated itself. JN almost vanished when #IS came to #Syria and massive bayah from #Aleppo &amp; #Raqqa
https://t.co/qMmG1K8Csa"
IS_BAQIYA,BaqiyaIs,,,25,471,8/30/2015 10:23,report JN tells their fighters they won't participate in mari battle against Islamic state under any circumstance https://t.co/pe6...
IS_BAQIYA,BaqiyaIs,,,25,471,8/30/2015 11:47,The sahawat declare these villages military zones but love to talk about civilian deaths and provide no videos http://t.co/XrsJ0lCYDH/s/Q6jN
IS_BAQIYA,BaqiyaIs,,,25,471,8/30/2015 13:03,"Didnt i tell you that JN only make takfir on those who spill their holy blood? SRF, hazm? https://t.co/qQUYie0efm/s/hJqq"
IS_BAQIYA,BaqiyaIs,,,25,471,8/30/2015 13:04,@abuyaqub6: RT @Alwalawalbara12: May Allah punish every shiite ! https://t.co/y1WWfRJdTp/s/AqAU
IS_BAQIYA,BaqiyaIs,,,25,471,8/30/2015 13:10,"*NEW*
Hijrah Advice Part 7: Security Measures

http://t.co/m6xJWRXTbE/s/mTE2/s/bTlT/s/m8S8
http://t.co/m6xJWRXTbE/s/mTE2/s/..."
IS_BAQIYA,BaqiyaIs,,,25,471,8/30/2015 13:10,"aNOr/s/mTE2/s/bTlT/s/m8S8
http:."
IS_BAQIYA,BaqiyaIs,,,25,471,8/30/2015 13:14,"#ÙˆÙ„Ø§ÙŠØ©_Ø¯Ù…Ø´Ù‚

Ù…Ø±ØªØ¯ÛŒÙ† ØµØ­ÙˆØ§Øª Ú©Û’ Ø¯Ùˆ Ø§ÙØ±Ø§Ø¯ Ú¾Ù„Ø§Ú© Ø§ÙˆØ± Ø¯ÛŒÚ¯Ø± Ø²Ø®Ù…ÛŒ ÛÙˆÚ¯Ø¦Û’ØŒ ÛŒÛ"
IS_BAQIYA,BaqiyaIs,,,25,471,8/30/2015 13:14,Ø§ÙØ±Ø§Ø¯ Ø¬Ù†ÙˆØ¨ Ø¯Ù…Ø´Ù‚ ÛŒÙ„Ø¯Ø§ Ù…ÛŒÚº Ø¶Ù„Ø¹ Ø§Ù„Ø²ÛŒÙ† Ú©ÛŒ Ø¬Ø§Ù†Ø¨ Ø¬Ø§Ù†ÛŒÙˆØ§Ù„ÛŒ Ù¹Ù†Ù„
IS_BAQIYA,BaqiyaIs,,,25,471,8/30/2015 13:28,Nusra used to have a 5 to 7 km frontline against IS in North-Aleppo. IS could never advance from that side.
IS_BAQIYA,BaqiyaIs,,,25,471,8/30/2015 13:31,"@macroarch: Ø£Ø¨Ùˆ Ø³Ù…Ø±Ø§ØŒ Ø·Ø±Ø§Ø¨Ù„Ø³ØŒ Ù„Ø¨Ù†Ø§Ù† 
Abo Samra, Tripoli, Lebanon ht"
IS_BAQIYA,BaqiyaIs,,,25,471,8/30/2015 13:31,tp://t.co/sNAkcqB7MR/s/tFTW
IS_BAQIYA,BaqiyaIs,,,25,471,8/30/2015 13:38,"For Sake of Allah
return_of_the_gold_dinar
https://t.co/ZxKdY9oIK7/s/a7HH
http://t.co/nhkQJGxRjR/s/V84v
http://t.co/jkDo16p9fX/s/VI21 http:."
IS_BAQIYA,BaqiyaIs,,,25,471,8/30/2015 14:02,Ø­Ø´Ø¯ Ø§Ù„Ø´Ø¹Ø¨ÙŠ Ú©Ø§ Ù…Ø¯Ø¯Ú¯Ø§Ø± ØµØ­ÙˆØ§Øª Ø§Ù„Ø¬ÛŒØ³Ø§Øª Ú©Ø§ Ø¹Ù†ØµØ± Ø¹Ø¯Ù†Ø§Ù† Ø§Ù„Ø¬Ø¨ÙˆØ±ÙŠ Ø§Ù“Ø¬ #Ø§Ù„Ù…Ø§Ù„
IS_BAQIYA,BaqiyaIs,,,25,471,8/30/2015 14:02,Ø­Ø© / #Ø¨ÙŠØ¬ÙŠ Ù…ÛŒÚº Ø¬Ù†ÙˆØ¯ #Ø§Ù„Ø®Ù„Ø§ÙØ© Ú©Û’ ÛØ§ØªÚ¾ÙˆÚº Ú¾Ù„Ø§Ú© ÛÙˆÚ¯ÛŒØ§Û” http://t.co/CDoM
IS_BAQIYA,BaqiyaIs,,,25,471,8/30/2015 14:03,E58qi7/s/L7uu
IS_BAQIYA,BaqiyaIs,,,25,471,8/30/2015 16:27,"@AHWAAL_UMMAT10: ""Ù…ØµØ·ÙÙ‰ Ø§Ù„Ø²Ø¨ÙŠØ¯ÙŠ"" Ø¬ÛŒØ´ Ø§Ù„ØµÙÙˆÙŠ Ú©Ø§ Ø¹Ù†ØµØ± Ø¬Ù†ÙˆØ¯ #Ø§Ù„Ø®Ù„Ø§ÙØ© Ú©"
IS_BAQIYA,BaqiyaIs,,,25,471,8/30/2015 16:27,Û’ ÛØ§ØªÚ¾ÙˆÚº Ú©Ù„ Ø¹Ø±Ø§Ù‚ Ù…ÛŒÚº Ú¾Ù„Ø§Ú© ÛÙˆÚ¯ÛŒØ§Û” http://t.co/ot6mr9wwmk/s/TE28
IS_BAQIYA,BaqiyaIs,,,25,471,8/30/2015 17:37,"WilayatSalahuddin
Side of the ongoing battles against Safavid army &amp; militias west of Baiji city http://t.co/pGZxKkoC/s/3wt-."
abu baker aldimashqi,abubakerdimshqi,,,119,274,8/31/2015 10:57,RT @abdelhakzait: @nasseralfahad0ÙƒÙ…Ø§ ÙØ¹Ù„ Ø§Ù„Ù…Ø¬Ø§Ù‡Ø¯ÙˆÙ†   ÙˆÙ„ÙŠØ³ Ù…Ø¬Ø§Ù‡Ø¯ÙŠÙ† ÙƒÙŠÙ Ù„Ø¬Ø§Ù‡Ù„ Ø¨Ø§Ù„Ù„ØºØ© Ø£Ù† ÙŠÙƒÙˆÙ† Ø¹Ø§Ù„Ù…Ø§ Ø¨Ø§Ù„Ø¯ÙŠÙ†
abu baker aldimashqi,abubakerdimshqi,,,119,274,8/31/2015 10:58,AMEEN #Mojahdin #Saudi  https://t.co/XqoCTG3Ppm
abu baker aldimashqi,abubakerdimshqi,,,119,274,8/31/2015 10:59,#IS #Doma  https://t.co/WXscnmSUne
abu baker aldimashqi,abubakerdimshqi,,,119,274,8/31/2015 11:02,#Ù†Ø§ØµØ±_Ø§Ù„ÙÙ‡Ø¯ : [Ù‡Ø°Ù‡ Ø§Ù„Ø¯ÙˆÙ„Ø© (#Ø§Ù„Ø³Ø¹ÙˆØ¯ÙŠØ© ) Ù„Ø§ ØªØ¹Ø±Ù Ø¬Ù‡Ø§Ø¯Ø§Ù‹ ÙÙŠ Ø³Ø¨ÙŠÙ„ Ø§Ù„Ù„Ù‡ ÙˆÙ„Ø§ ØºÙŠØ±Ù‡ØŒ ÙˆØ¥Ù†Ù…Ø§ ØªØ¹Ø±Ù (Ø§Ù„Ø¬Ù‡Ø§Ø¯ ÙÙŠ Ø³Ø¨ÙŠÙ„ Ø£Ù…Ø±ÙŠÙƒØ§) ] .
abu baker aldimashqi,abubakerdimshqi,,,119,274,8/31/2015 11:04,pls share brothers and sisters  https://t.co/Cske0scIbu
abu baker aldimashqi,abubakerdimshqi,,,119,274,8/31/2015 11:39,Ø¹Ù‚Ø¨Ø§Ù„ #Ø¯Ù…Ø´Ù‚ https://t.co/Tn4tpgLgxA
abu baker aldimashqi,abubakerdimshqi,,,119,274,8/31/2015 11:44,RT @CNN: Photo of Israeli soldier holding Palestinian boy in headlock goes viral. http://t.co/OD1Tk1RwGx http://t.co/iO0AlaUqDR
IS_BAQIYA,BaqiyaIs,,,25,471,8/31/2015 13:17,"Iraq
Hashd criminals bought to justice same way the killed Sunnis , they were killed by IS
https://t.co/qSMoGs3IHh/s/cgxY http."
IS_BAQIYA,BaqiyaIs,,,25,471,8/31/2015 14:50,ØºØ²ÙˆÛ Ø§Ø¨Ùˆ Ø­Ø³Ø§Ù† Ø§Ù„Ø®Ø«Ø¹Ù…ÛŒ
IS_BAQIYA,BaqiyaIs,,,25,471,8/31/2015 14:51,ØºØ²ÙˆÛ Ø§Ø¨Ùˆ Ø­Ø³Ø§Ù† Ø§Ù„Ø®Ø«Ø¹Ù…ÛŒ. .
IS_BAQIYA,BaqiyaIs,,,25,471,09-01-2015 10:59,Yarmouk TV channel linked to the Jordanian Muslim Brothers has been suspended by Joedanian  authorities. http://t.co/pWIO0plqdJ/s/SzIN
IS_BAQIYA,BaqiyaIs,,,25,471,09-01-2015 11:01,"@anti__terrorist: #WilayatAlJazirah
Harvesting comb honey from beehives
http://t.co/uZrMzw9qNy/s/dLaK http://t.co/Tdi7ndoht4/s/91CM"
IS_BAQIYA,BaqiyaIs,,,25,471,09-01-2015 11:06,#AlShabaab claims it killed 50+ #AMISOM soldiers from #UPDF in today's Jannaale attack carried out by Sheikh Abu Zubayr battali
IS_BAQIYA,BaqiyaIs,,,25,471,09-01-2015 11:19,"@FollowTheHaQQQ: #IslamicState Wilayet #Sinai
Coming Soon http://t.co/Qn47D3R9e7/s/YiW2"
IS_BAQIYA,BaqiyaIs,,,25,471,09-01-2015 14:41,"#IS #WilayatBarqah #Libya 
Distributing da'wah leaflets in Noufaliy"
IS_BAQIYA,BaqiyaIs,,,25,471,09-01-2015 14:41,ah town. ğŸ“· http://t.co/oBltqWJCHJ/s/yrBT http://t.co/fsd3nWsdGO/s/
IS_BAQIYA,BaqiyaIs,,,25,471,09-01-2015 14:41,on_Y
IS_BAQIYA,BaqiyaIs,,,25,471,09-01-2015 14:49,"The bakery Administration â¡  9th in top ten selected

wlaya raqqah"
IS_BAQIYA,BaqiyaIs,,,25,471,09-01-2015 14:49,https://t.co/NSaIFPbNG7/s/ZiSk http://t.co/83MzxnOaVi/s/ZG4V
IS_BAQIYA,BaqiyaIs,,,25,471,09-01-2015 14:52,"General Petraeus: Use Al-Qaeda (JN) Fighters to Beat the Islamic State 

http://t.co/GBPJ6Jz9KP/s/nsvA 

I Leave the comments to"
IS_BAQIYA,BaqiyaIs,,,25,471,09-01-2015 14:52,"Poor IS ""Baathists &amp; Saddamists"",even Russia have intervenerad on behalf of #Assad 
So, Kuffar, Nationalists, Apostates, Sultan scholars etc"
IS_BAQIYA,BaqiyaIs,,,25,471,09-01-2015 14:56,"@3diyah1000: Most popular attacks in Somalia last years : #dayniile attack, #Lego attack, #Jannale attack, #Yurkud attack.
#Somalia"
IS_BAQIYA,BaqiyaIs,,,25,471,09-01-2015 15:03,"US-trained Division 30 has entered Marea to fight the Islamic State, JN has reportedly allowed this (?!)
http://t.co/xC7g/s/6KhJ."
abu baker aldimashqi,abubakerdimshqi,,,119,274,09-01-2015 16:05,@Tawheed1_IS but one is important to live when the other one is not!
abu baker aldimashqi,abubakerdimshqi,,,119,274,09-01-2015 16:08,the word of the week! https://t.co/B8bvjrYU5s
abu baker aldimashqi,abubakerdimshqi,,,119,274,09-01-2015 16:21,"@IronMuhajir2 @jundhullah14 
nothing like Jihad, God give us the help and power to do our FARRIDA"
IS_BAQIYA,BaqiyaIs,,,25,471,09-02-2015 03:07,"Ø¬Ø¯ÙŠØ¯

#ÙˆÙ„Ø§ÙŠØ©_Ø³ÙŠÙ†Ø§Ø¡

Ø­ØµØ§Ø¯ Ø§Ù„Ø£Ø¬Ù†Ø§Ø¯

https://t.co/WYghkb7aOa/s/_H8l
Ùˆ"
IS_BAQIYA,BaqiyaIs,,,25,471,09-02-2015 03:07,"https://t.co/4yOV4XFTMh/s/JFUK
Ùˆ
https://t.co/VxdsEBLJnb/s/Gxfh htt"
IS_BAQIYA,BaqiyaIs,,,25,471,09-02-2015 03:08,p://t.
Ø§Ø¨Ùˆ Ø§Ù„Ø¯Ø±Ø¯Ø§Ø¡ #Ø®Ù„Ø§ÙØ©,YazeedDhardaa25,Observing a JIHAD NEWS mainly about Islamic State.,,904,127,09-02-2015 04:42,"#IslamicState now just 8 kilometres from Great Umayyad Mosque. March towards #Damascus
https://t.co/GAApm97s0R"
IS_BAQIYA,BaqiyaIs,,,25,471,09-02-2015 15:47,"BREAKING
Nigeria
Islamic State advance on Lagos the business capital biggest city in Nigeria 
http://t.co/nfCHTA18f3/s/n6GP"
IS_BAQIYA,BaqiyaIs,,,25,471,09-02-2015 16:07,"#WilayatAlFallujah

New Video : The Knights of Victory (Part 3)

Coming Soon.....InshaAllah http://t.co/RaCiBw8yNU/s/uXrn"
IS_BAQIYA,BaqiyaIs,,,25,471,09-02-2015 17:34,@Jazrawi_Missk: Apostate FSA group declares hiwar this area circled as a military zone. http://t.co/34AjemeLva/s/zjMI
abu baker aldimashqi,abubakerdimshqi,,,119,274,09-02-2015 23:06,my heart is tears blood every day for those kids from the occupied #Syria my loved country https://t.co/iZPJdxSkG2
IS_BAQIYA,BaqiyaIs,,,25,471,09-03-2015 03:16,"WilayatSayna
Konkurs Missile attacks - Harvest of the Soldiers Islamic State Wilayat Sayna'
http://t.co/2oHOgdXVKO/s/y-je..."
IS_BAQIYA,BaqiyaIs,,,25,471,09-03-2015 03:17,"#WilayatAlFurat
New Video : Rejoice of the Citizens with Gold Currency
http://t.co/WHluM0r4GA/s/fgVN
https://t.co/Dl5Apf88w7/s/V0A6 ht."
IS_BAQIYA,BaqiyaIs,,,25,471,09-03-2015 03:18,Here is the #JN shar'Ä« who was doing the job. See the face? His nam
IS_BAQIYA,BaqiyaIs,,,25,471,09-03-2015 03:18,"e is Abu Abwab.

(2/2)

https://t.co/qI2NAkvGsI/s/nRrr"
Ø§Ø¨Ùˆ Ø§Ù„Ø¯Ø±Ø¯Ø§Ø¡ #Ø®Ù„Ø§ÙØ©,YazeedDhardaa25,Observing a JIHAD NEWS mainly about Islamic State.,,904,127,09-03-2015 04:31,"RT @pieternanninga: New 37-min video #IS #Sinai prov.: snipers, VBIEDs, manpads &amp; footage of last July's attack on #Egypt|ian patrol boat hâ€¦"
Ø§Ø¨Ùˆ Ø§Ù„Ø¯Ø±Ø¯Ø§Ø¡ #Ø®Ù„Ø§ÙØ©,YazeedDhardaa25,Observing a JIHAD NEWS mainly about Islamic State.,,904,127,09-03-2015 04:32,RT @pieternanninga: New #IS video shows four men being burned alive in al-Anbar province http://t.co/YvdLFHfaUV
IS_BAQIYA,BaqiyaIs,,,25,471,09-03-2015 13:03,"Ali Mohammad Beqaaey died. Second Syrian refugee child to die shot by funeral stray bullets in Lebanon, in 2 months...."
IS_BAQIYA,BaqiyaIs,,,25,471,09-03-2015 13:03,"@uygaraktas: #Uighurs are being eliminated in Pakistan under the pretext of war  against terrorism 
http://t.co/1QwksVvqKk/s/kJQn"
IS_BAQIYA,BaqiyaIs,,,25,471,09-03-2015 13:03,What more...Sariyyah al-Ghuraba are extended to Mali &amp; sahara of maghrib/ Algeria!
IS_BAQIYA,BaqiyaIs,,,25,471,09-03-2015 13:04,Mujahideen from Burma capture 3 pigs of the Buddhist army http://t.co/UJMkNMR6NH/s/l_Oi
IS_BAQIYA,BaqiyaIs,,,25,471,09-03-2015 13:16,"Britain should not take more Middle East refugees, says David Cameron http://t.co/baiaDRZE0h/s/uWyk http://t.co/FTJbfUr9xh/s/2QDx"
IS_BAQIYA,BaqiyaIs,,,25,471,09-03-2015 14:22,"@striv3ric: Here's an alternative link of the statement of the pledge on archive org

https://t.co/L4wHO4mbUg/s/gyZx"
IS_BAQIYA,BaqiyaIs,,,25,471,09-03-2015 16:14,"https://t.co/WsGDfE73mq/s/erwg 
#Amaq_News: Video showing #IS soldiers controlling the entire #al_qadam quarter South of #Damascus."
abu baker aldimashqi,abubakerdimshqi,,,119,274,09-03-2015 23:47,"RT @MuslimPrisoners: Bothers &amp; Sisters plz show determination.
If the haters never trier banning Abu Haleemah, we should never stop our shoâ€¦"
Ø§Ø¨Ùˆ Ø§Ù„Ø¯Ø±Ø¯Ø§Ø¡ #Ø®Ù„Ø§ÙØ©,YazeedDhardaa25,Observing a JIHAD NEWS mainly about Islamic State.,,904,127,09-04-2015 12:47,"RT @3bdUlkaed6r: Russian troops 'fighting alongside Assad's army against Syrian rebels'
http://t.co/crncNUCX9q"
Ø§Ø¨Ùˆ Ø§Ù„Ø¯Ø±Ø¯Ø§Ø¡ #Ø®Ù„Ø§ÙØ©,YazeedDhardaa25,Observing a JIHAD NEWS mainly about Islamic State.,,904,127,09-04-2015 12:48,RT @syrializer: #Syria: ISIS Destroys More Ancient Artifacts In #Palmyra #IslamicState http://t.co/0BC2ETgejL http://t.co/Ip8gGzNXsb
IS_BAQIYA,BaqiyaIs,,,25,471,09-04-2015 16:06,Iraq Basra body of young sunni child found with signs of torture 1 day after being kidnapped by Rafidah militia
IS_BAQIYA,BaqiyaIs,,,25,471,09-04-2015 16:16,"@AK47_PK:
#IS launched #Katyusha Rockets Against #Peshmerga Barracks In 
#Hawija http://t.co/UHBNrgTQch/s/8UQA"
IS_BAQIYA,BaqiyaIs,,,25,471,09-04-2015 16:17,"@AK47_PK:
#IS Official Statement on Ishtihadi Operasion In South East Of 
#Ramadi http://t.co/3us8jmGfJQ/s/teR7"
IS_BAQIYA,BaqiyaIs,,,25,471,09-04-2015 16:20,"@AK47_PK:
wilayatwestafrica/ double martydom operation targeted military #camp in north Cameroon kills 19,wounds 143"
IS_BAQIYA,BaqiyaIs,,,25,471,09-04-2015 16:25,"Tower of Elahbel a grave made into a tower, worshiped by people around the world. Destroyed by Islamic State."
IS_BAQIYA,BaqiyaIs,,,25,471,09-04-2015 17:35,"Ø§Ù„Ø¹Ø±Ø§Ù‚ : Ø¨ÙŠØ¬ÙŠ

Ø¬Ø­Ø´ Ú©Ø§ Ø±Ø§ÙØ¶ÛŒ Ù„ÛŒÚˆØ± ""Ù…ØµØ·ÙÙ‰ Ø§Ù„Ù…Ø­Ù…Ø¯Ø§ÙˆÙŠ"" Ú©Ù„ Ø¬Ù†ÙˆØ¯ Ø§Ù„Ø¯ÙˆÙ„Ø© Ø§"
IS_BAQIYA,BaqiyaIs,,,25,471,09-04-2015 17:35,Ù„Ø¥Ø³Ù„Ø§Ù…ÙŠØ© Ú©Û’ ÛØ§ØªÚ¾ÙˆÚº Ú¾Ù„Ø§Ú© ÛÙˆÚ¯ÛŒØ§Û” http://t.co/ae1lnq60z3/s/-iYz
IS_BAQIYA,BaqiyaIs,,,25,471,09-05-2015 00:40,"Large quantities of weaponry left behind by Iraqi army and Badr militia upon attack by #ISIS in #Fallujah, #Iraq. #PT http://t.co/YZSCxK"
IS_BAQIYA,BaqiyaIs,,,25,471,09-05-2015 00:40,@spamci16: More than 70000 childrens have been killed by Assad regime.Why cry only for the drowned child?Hypocricy of the world.
IS_BAQIYA,BaqiyaIs,,,25,471,09-05-2015 00:42,PHOTOS: #UAE broadcast footage of airstrikes in #Yemen after 45 UAE soldiers killed in Marib.- @Flea1337 http://t.co/2GKY3HemJW/s/-ZpH
IS_BAQIYA,BaqiyaIs,,,25,471,09-05-2015 02:20,"also my sincere condolences for UAE , but also for the 4500 Yemeni civilian killed in this meaningless war  https://t.co/qlvRqzEkjL/s/Gqek"
IS_BAQIYA,BaqiyaIs,,,25,471,09-05-2015 02:31,Syrian apostate sahwat dragging a beheaded corpse of a muslim for the sake of America and Turkey https://t.co/M9NiJOQNY4/s/9pvk
IS_BAQIYA,BaqiyaIs,,,25,471,09-05-2015 02:51,"#ÙˆÙ„Ø§ÙŠØ©_Ø­Ù„Ø¨

Ù…Ø¯ÙŠÙ†Ø© Ù…Ø§Ø±Ø¹ Ù…ÛŒÚº Ø¬Ù†ÙˆØ¯ Ø®Ù„Ø§ÙØ© Ú©ÛŒØ³Ø§ØªÚ¾Ù€ Ø¬Ú¾Ú‘Ù¾ÙˆÚº Ù…ÛŒÚº ÛÙ„Ø§Ú© ÛÙˆÙ†ÛŒÙˆ"
IS_BAQIYA,BaqiyaIs,,,25,471,09-05-2015 02:51,"Ø§Ù„Û’Ù…Ø±ØªØ¯ÛŒÙ† ØµØ­ÙˆØ§Øª Ú©ÛŒ Ù„Ø§Ø´ÛŒÚº

http://t.co/GdwuxmxSJX/s/t-eX http://t.co/lpgdNYtDiO"
IS_BAQIYA,BaqiyaIs,,,25,471,09-05-2015 02:51,/xGLf2TcqF5/s/ZMTR
IS_BAQIYA,BaqiyaIs,,,25,471,09-05-2015 02:58,"@AK47_PK:
This is how coalition Air Raid Destroyed humanity,

An infant injured in an Coalition strike at Ar Rutbah, August 6..."
IS_BAQIYA,BaqiyaIs,,,25,471,09-05-2015 03:51,15 year old US crusader sent to hell with I fag in his mouth by islamic state in kafra mazra3ah. Hilarious http://t.co/D2/s/CP7e.
IS_BAQIYA,BaqiyaIs,,,25,471,09-05-2015 03:51,A Canadian warplane mistakenly broadcast its location over Islamic State controlled territory http://t.co/Vi8cNgOjCR/s/dHC
IS_BAQIYA,BaqiyaIs,,,25,471,09-05-2015 04:49,Couple of the tweets gives you an idea of the situation at that time.. http://t.co/Y6bNsEVSuS/s/G2Wb
IS_BAQIYA,BaqiyaIs,,,25,471,09-05-2015 06:07,"What happened to all the AQAP leaders? Story of a mubahala
By abu bilal al Yemeni (IS Yemen) http://t.co/iTMDnlY6ZP/s/xa5U"
IS_BAQIYA,BaqiyaIs,,,25,471,09-05-2015 11:43,"Islamic state
Wilaya alanbar
Dead apostates prisoners executed West of Khalidiya
http://t.co/usEiyB0xqN/s/FWxZ http://t.co/ppqVRVRukU/s/80lK"
IS_BAQIYA,BaqiyaIs,,,25,471,09-05-2015 11:44,"@update_my_info: #Ø¯ÙˆÙ„Ø©_Ø§Ù„Ø®Ù„Ø§ÙØ©
#ÙˆÙ„Ø§ÙŠØ©_Ø¯Ù…Ø´Ù‚
Ø§Ù„Ø«Ù…Ø§Ø± ÙÙŠ Ù…Ø¯ÙŠÙ†Ø© Ø§Ù„Ù‚Ø±ÙŠØªÙŠ"
IS_BAQIYA,BaqiyaIs,,,25,471,09-05-2015 11:44,"Ù†
http://t.co/rhlEbnE6ZB/s/DYUJ http://t.co/ojCjIrAwxk/s/mLcE"
IS_BAQIYA,BaqiyaIs,,,25,471,09-05-2015 12:58,"@1436RpG: Coming soon...
Wilayat Kirkuk http://t.co/zwJUJ2IjNl/s/q01j"
IS_BAQIYA,BaqiyaIs,,,25,471,09-05-2015 13:01,"@AK47_PK: Coming soon...
Wilayat Kirkuk http://t.co/zwJUJ2ZVbV/s/q01j"
IS_BAQIYA,BaqiyaIs,,,25,471,09-05-2015 13:15,"@Mustafaklashin7: Correction: while ghouta is besieged, allloush is eating in a restaurant in Amman (Jordan)"
IS_BAQIYA,BaqiyaIs,,,25,471,09-05-2015 13:18,"Islamic state 
Wilaya sinai
Destroying cigarettes in the land cigarettes were invented egypt
https://t.co/eTImGpeC8G/s/6kHs..."
IS_BAQIYA,BaqiyaIs,,,25,471,09-05-2015 13:30,Al jazeera source of recruitment for IS?! ğŸ˜¯You know the same chann
IS_BAQIYA,BaqiyaIs,,,25,471,09-05-2015 13:30,el that had interview with Jowlani http://t.co/zBqJFqjTWC/s/lw9o
IS_BAQIYA,BaqiyaIs,,,25,471,09-05-2015 13:30,"@JoinISNation78: #IS #WilayatHims #Syria
Side of the works of Hisba"
IS_BAQIYA,BaqiyaIs,,,25,471,09-05-2015 13:31,. ğŸ“· https://t.co/vMbMC7vknY/s/B_S0 http://t.co/j8JSnbHk81/s/PYj5
IS_BAQIYA,BaqiyaIs,,,25,471,09-05-2015 13:49,"ÙˆÙ„Ø§ÙŠØ©_ÙƒØ±ÙƒÙˆÙƒ

Ø§Ù„Ø¢Ù† Ø§Ù„Ø¢Ù† Ø¬Ø§Ø¡ Ø§Ù„Ù‚ØªØ§Ù„ á´´á´°
#ÙŠÙˆØªÙŠÙˆØ¨âœ”
https://t.co/PubigNDT"
IS_BAQIYA,BaqiyaIs,,,25,471,09-05-2015 13:49,eV/s/HtVd http://t.co/8fksuAyrCU/s/K1kK
IS_BAQIYA,BaqiyaIs,,,25,471,09-05-2015 14:06,Shame on you Arabs;Shame on you Islamic countries Shame on you Gulf countries You're no less than#Assad Syria https://t.co/ITW4lOrXA8/s/BjNS
IS_BAQIYA,BaqiyaIs,,,25,471,09-05-2015 14:08,"La hawla walÄ quwwata illÄ billah.

AQAP betrayed from their own al"
IS_BAQIYA,BaqiyaIs,,,25,471,09-05-2015 14:08,"ly the taghÅ«t HÄdÄ«, abt 100 killed, tens captured &amp; injured by Hout"
IS_BAQIYA,BaqiyaIs,,,25,471,09-05-2015 14:09,hÄ«s
IS_BAQIYA,BaqiyaIs,,,25,471,09-05-2015 14:13,Those poor children lost their parents only to be taken in by killers liars thieves terrorists and traitors. What good can come out of it
IS_BAQIYA,BaqiyaIs,,,25,471,09-05-2015 14:23,Ø§Ù„Ø¯ÙˆÙ„Ø©_Ø§Ù„Ø¥Ø³Ù„Ø§Ù…ÙŠØ© Ú©Û’ Ø®Ù„Ø§Ù #Ø§Ù…Ø±ÛŒÚ©Û Ú©ÛŒ #Ø§Ù„Ù‚Ø§Ø¹Ø¯Ø© Ú©ÛŒ Ù…Ø¯Ø¯ Ù¾Ø± #Ø§Ù†ØµØ§Ø±Ø§Ù„Ù„Û Ø§
IS_BAQIYA,BaqiyaIs,,,25,471,09-05-2015 14:23,"Ø±Ø¯Ùˆ Ú©Ø§ ØªØ¨ØµØ±Û
http://t.co/EzBdHD6Xqm/s/Wj4V
#Ø¯Ø§Ø¹Ø´ http://t.co/4J1uKo"
IS_BAQIYA,BaqiyaIs,,,25,471,09-05-2015 14:24,R08o/s/q8SJ
IS_BAQIYA,BaqiyaIs,,,25,471,09-05-2015 14:46,"NEW strategy of the US, Assad to advance from homs with Russian support and pkk from birth raqqa with US support."
IS_BAQIYA,BaqiyaIs,,,25,471,09-05-2015 14:55,"@abubakrmuwahid: Sahwat withdraw from an area inside #Marea as IS advances 

https://t.co/sDYpp9wxK3/s/6EcY"
IS_BAQIYA,BaqiyaIs,,,25,471,09-05-2015 15:46,#Ø­Ù…Øµ | #Ø§Ù„Ø¯ÙˆÙ„Ø©_Ø§Ù„Ø§Ø³Ù„Ø§Ù…ÙŠØ© Ù†Û’ Ø§Ø³Ø¯ÛŒ ÙÙˆØ±Ø³Ø² Ú©Û’ Ø³Ø§ØªÚ¾Ù€ Ø¬Ú¾Ú‘Ù¾ÙˆÚº Ú©Û’ Ø¨Ø¹Ø¯ Ø¬Ø²Ù„ Ø§
IS_BAQIYA,BaqiyaIs,,,25,471,09-05-2015 15:46,Ù“Ø¦Ù„ ÙÛŒÙ„Úˆ Ú©Û’ Ú©Ú†Ú¾Ù€ Ø­ØµÙˆÚº Ù¾Ø± Ú©Ù†Ù¹Ø±ÙˆÙ„ Ú©Ø±Ù„ÛŒØ§ ÛÛ’Û”
IS_BAQIYA,BaqiyaIs,,,25,471,09-05-2015 15:48,Al-Shabab takes control of two towns in Somalia http://t.co/IkqRxIlODN/s/oGTD http://t.co/FV1mg3gnF4/s/BTDk
IS_BAQIYA,BaqiyaIs,,,25,471,09-05-2015 16:42,@Jazrawi_Ouud: Turkish soldier kidnapped thought to be taken by smugglers and not Islamic state #Turkey http://t.co/f81N3lyT6I/s/3bk-
IS_BAQIYA,BaqiyaIs,,,25,471,09-05-2015 16:48,@AK47_PK: @AlArabiya_Eng: Ten #Saudi soldiers killed near #Yemeni border http://t.co/2FQdsY6xER/s/hnLF http://t.co/AOvplApWP2/s/7rRR
Ø§Ø¨Ùˆ Ø§Ù„Ø¯Ø±Ø¯Ø§Ø¡ #Ø®Ù„Ø§ÙØ©,YazeedDhardaa25,Observing a JIHAD NEWS mainly about Islamic State.,,904,127,09-05-2015 19:02,@jtmharreh That's an untold story. A painful reality
Ø§Ø¨Ùˆ Ø§Ù„Ø¯Ø±Ø¯Ø§Ø¡ #Ø®Ù„Ø§ÙØ©,YazeedDhardaa25,Observing a JIHAD NEWS mainly about Islamic State.,,904,127,09-05-2015 19:10,"@BintRosie34 Our Prophet, has ordered us to fight you till you worship Allah Alone or give Jizya, He who withholds the Jizya is an (1)"
Ø§Ø¨Ùˆ Ø§Ù„Ø¯Ø±Ø¯Ø§Ø¡ #Ø®Ù„Ø§ÙØ©,YazeedDhardaa25,Observing a JIHAD NEWS mainly about Islamic State.,,904,127,09-05-2015 19:15,"@BintRosie34 forgot to put this """" in my tweets. Lol.."
Ø§Ø¨Ùˆ Ø§Ù„Ø¯Ø±Ø¯Ø§Ø¡ #Ø®Ù„Ø§ÙØ©,YazeedDhardaa25,Observing a JIHAD NEWS mainly about Islamic State.,,904,127,09-05-2015 19:19,@BintRosie34 IS was mentioned about Jizya after they conquered Mosul and IS was told them who want to stay under the caliphate must give it
Ø§Ø¨Ùˆ Ø§Ù„Ø¯Ø±Ø¯Ø§Ø¡ #Ø®Ù„Ø§ÙØ©,YazeedDhardaa25,Observing a JIHAD NEWS mainly about Islamic State.,,904,127,09-05-2015 19:23,@BintRosie34 Yeah madkhalis also against this all out. This is Caliphate upon Prophet methodology not upon obama methodology lol..
Ø§Ø¨Ùˆ Ø§Ù„Ø¯Ø±Ø¯Ø§Ø¡ #Ø®Ù„Ø§ÙØ©,YazeedDhardaa25,Observing a JIHAD NEWS mainly about Islamic State.,,904,127,09-05-2015 19:25,@BintRosie34 it would be on main page of report or papers if IS save nuns from safavids or nusayris. Lol
Ø§Ø¨Ùˆ Ø§Ù„Ø¯Ø±Ø¯Ø§Ø¡ #Ø®Ù„Ø§ÙØ©,YazeedDhardaa25,Observing a JIHAD NEWS mainly about Islamic State.,,904,127,09-05-2015 20:40,"@BintRosie34 because they don't want to accept the sharia because they know they can't spread their stupid religion, practice publicly (1)"
Ø§Ø¨Ùˆ Ø§Ù„Ø¯Ø±Ø¯Ø§Ø¡ #Ø®Ù„Ø§ÙØ©,YazeedDhardaa25,Observing a JIHAD NEWS mainly about Islamic State.,,904,127,09-05-2015 20:43,@BintRosie34 they were discovered and learnt that IS would be destroy all the crosses in IS area and change a church in to a dawah hall (2)
Ø§Ø¨Ùˆ Ø§Ù„Ø¯Ø±Ø¯Ø§Ø¡ #Ø®Ù„Ø§ÙØ©,YazeedDhardaa25,Observing a JIHAD NEWS mainly about Islamic State.,,904,127,09-05-2015 21:02,"Institution of the cubs of the Caliphate in wilayat #Alkhayr #DeirEzzor
http://t.co/0olTZGSjfQ http://t.co/iBQpcDpM8p"
Ø§Ø¨Ùˆ Ø§Ù„Ø¯Ø±Ø¯Ø§Ø¡ #Ø®Ù„Ø§ÙØ©,YazeedDhardaa25,Observing a JIHAD NEWS mainly about Islamic State.,,904,127,09-05-2015 21:03,@Jazrawi_Ouud This is a critic from Abu Abdullah As Shami?
Ø§Ø¨Ùˆ Ø§Ù„Ø¯Ø±Ø¯Ø§Ø¡ #Ø®Ù„Ø§ÙØ©,YazeedDhardaa25,Observing a JIHAD NEWS mainly about Islamic State.,,904,127,09-05-2015 21:09,"@striv3ric I think he ""abu abdullah shami"" who made mubahala wit Sh Adnani. Since AllÄh was invoked HIS curse upon them,they weren't on haqq"
Ø§Ø¨Ùˆ Ø§Ù„Ø¯Ø±Ø¯Ø§Ø¡ #Ø®Ù„Ø§ÙØ©,YazeedDhardaa25,Observing a JIHAD NEWS mainly about Islamic State.,,904,127,09-06-2015 20:41,A beautiful scenery can be seen on this picture. One of the bridges in #Mosul. City of Caliphate #IslamicState http://t.co/ddxeoxATxm
Ø§Ø¨Ùˆ Ø§Ù„Ø¯Ø±Ø¯Ø§Ø¡ #Ø®Ù„Ø§ÙØ©,YazeedDhardaa25,Observing a JIHAD NEWS mainly about Islamic State.,,904,127,09-06-2015 20:57,"Humanity only belong to kuffar. It's humanity if kuffar carried out a genocides on Muslims. 
https://t.co/otO2YqG8xA"
Ø§Ø¨Ùˆ Ø§Ù„Ø¯Ø±Ø¯Ø§Ø¡ #Ø®Ù„Ø§ÙØ©,YazeedDhardaa25,Observing a JIHAD NEWS mainly about Islamic State.,,904,127,09-06-2015 20:58,RT @RamiAlLolah: #Drones footage taken prior an #ISIS massive VBIED attack on an #Iraq|i army barrack.. http://t.co/Yc1Q1c081T
Ø§Ø¨Ùˆ Ø§Ù„Ø¯Ø±Ø¯Ø§Ø¡ #Ø®Ù„Ø§ÙØ©,YazeedDhardaa25,Observing a JIHAD NEWS mainly about Islamic State.,,904,127,09-06-2015 22:15,RT @sakirkhader: Shocking footage apparently shows the bodies of several tied and tortured #IS|#ISIS prisoners in a #Iraq|i jail. &gt; http://â€¦
Ø§Ø¨Ùˆ Ø§Ù„Ø¯Ø±Ø¯Ø§Ø¡ #Ø®Ù„Ø§ÙØ©,YazeedDhardaa25,Observing a JIHAD NEWS mainly about Islamic State.,,904,127,09-07-2015 16:25,"Liwa Thuwwar Syria going to begin a battle in AlLajat against #IslamicState
https://t.co/Fm1iTwk0Z8"
Ø§Ø¨Ùˆ Ø§Ù„Ø¯Ø±Ø¯Ø§Ø¡ #Ø®Ù„Ø§ÙØ©,YazeedDhardaa25,Observing a JIHAD NEWS mainly about Islamic State.,,904,127,09-07-2015 16:43,@Jazrawi_Ouud I thought this was the beginning of their suffering in the facing of death @zaheralali00
Ø§Ø¨Ùˆ Ø§Ù„Ø¯Ø±Ø¯Ø§Ø¡ #Ø®Ù„Ø§ÙØ©,YazeedDhardaa25,Observing a JIHAD NEWS mainly about Islamic State.,,904,127,09-07-2015 18:00,@_mafalde_ Jazakallahu akh
Ø§Ø¨Ùˆ Ø§Ù„Ø¯Ø±Ø¯Ø§Ø¡ #Ø®Ù„Ø§ÙØ©,YazeedDhardaa25,Observing a JIHAD NEWS mainly about Islamic State.,,904,127,09-07-2015 18:03,"RT @The_Joker_DC: Came to the wrong Manor 
ğŸ˜‚ http://t.co/YrY5dUeZH4"
Ø§Ø¨Ùˆ Ø§Ù„Ø¯Ø±Ø¯Ø§Ø¡ #Ø®Ù„Ø§ÙØ©,YazeedDhardaa25,Observing a JIHAD NEWS mainly about Islamic State.,,904,127,09-08-2015 08:03,RT @RamiAlLolah: Happens only in the pathetic Western media: the Terrorist Dogs transform into Rebels! #Turkey #PKK #TwitterKurds https://tâ€¦
Ø§Ø¨Ùˆ Ø§Ù„Ø¯Ø±Ø¯Ø§Ø¡ #Ø®Ù„Ø§ÙØ©,YazeedDhardaa25,Observing a JIHAD NEWS mainly about Islamic State.,,904,127,09-08-2015 08:04,RT @RamiAlLolah: #Washington's tail; the head of #HDP threatens #Ankara he will turn #Turkey into another #Syria.. #PKK #TwitterKurds httpsâ€¦
abu baker aldimashqi,abubakerdimshqi,,,119,274,09-08-2015 22:46,RT @MuslimPrisoners: Mainstream media reporting that @anjemchoudary has 10 bail conditions http://t.co/zFfUWyCG11
abu baker aldimashqi,abubakerdimshqi,,,119,273,09-08-2015 22:51,"thx God, our lovely Shiekh is free 
wish to meet you soon teacher and wish the freedom for all brothers in preson https://t.co/dhXRSgCWUR"
Ø§Ø¨Ùˆ Ø§Ù„Ø¯Ø±Ø¯Ø§Ø¡ #Ø®Ù„Ø§ÙØ©,YazeedDhardaa25,Observing a JIHAD NEWS mainly about Islamic State.,,823,127,09-09-2015 06:32,"Sh Abu Mus'ab Az Zarqawi RahimahullÄh while he's a leader of Tandhim Tawheed wal Jihad beheading an american. Enjoy
https://t.co/rBRMmFR2Wu"
Ø§Ø¨Ùˆ Ø§Ù„Ø¯Ø±Ø¯Ø§Ø¡ #Ø®Ù„Ø§ÙØ©,YazeedDhardaa25,Observing a JIHAD NEWS mainly about Islamic State.,,823,127,09-09-2015 06:47,Martyrdom operation by Akhi Abu Turab Al Jazrawi in Wilayat #SalahEdDeen. May AllÄh accept and high his rank. http://t.co/dxM7yiJ9rE
Ø§Ø¨Ùˆ Ø§Ù„Ø¯Ø±Ø¯Ø§Ø¡ #Ø®Ù„Ø§ÙØ©,YazeedDhardaa25,Observing a JIHAD NEWS mainly about Islamic State.,,823,127,09-09-2015 06:47,"@YazeedDhardaa25 watch video
https://t.co/UY7nmWo4XM
https://t.co/AKzQYMuvfo"
Ø§Ø¨Ùˆ Ø§Ù„Ø¯Ø±Ø¯Ø§Ø¡ #Ø®Ù„Ø§ÙØ©,YazeedDhardaa25,Observing a JIHAD NEWS mainly about Islamic State.,,823,127,09-09-2015 13:04,@FujioMaiko listen carefully to the 1st nasheed in this vid Remember the series of IS vid featuring Sh Umar in DEZ Nawafid Min Ard AlMalahem
Ø§Ø¨Ùˆ Ø§Ù„Ø¯Ø±Ø¯Ø§Ø¡ #Ø®Ù„Ø§ÙØ©,YazeedDhardaa25,Observing a JIHAD NEWS mainly about Islamic State.,,823,127,09-09-2015 13:12,@FujioMaiko It's makes me remember Abu Shuaib Al Libi and Abu Ayyub Al Libi.
Ø§Ø¨Ùˆ Ø§Ù„Ø¯Ø±Ø¯Ø§Ø¡ #Ø®Ù„Ø§ÙØ©,YazeedDhardaa25,Observing a JIHAD NEWS mainly about Islamic State.,,823,127,09-09-2015 13:33,Two martyrdom operations conducted in vicinity of #DeirEzzor Airport following with the massive attacks by the fighters of #IslamicState
Ø§Ø¨Ùˆ Ø§Ù„Ø¯Ø±Ø¯Ø§Ø¡ #Ø®Ù„Ø§ÙØ©,YazeedDhardaa25,Observing a JIHAD NEWS mainly about Islamic State.,,823,127,09-09-2015 13:40,@FujioMaiko yeah. Gazwat of Al Khayr before the Jan13. Then they came back to Aleppo.
Ø§Ø¨Ùˆ Ø§Ù„Ø¯Ø±Ø¯Ø§Ø¡ #Ø®Ù„Ø§ÙØ©,YazeedDhardaa25,Observing a JIHAD NEWS mainly about Islamic State.,,823,127,09-09-2015 13:49,@FujioMaiko akhi give me a link of nasheed that featuring in Return of gold dinar.
Ø§Ø¨Ùˆ Ø§Ù„Ø¯Ø±Ø¯Ø§Ø¡ #Ø®Ù„Ø§ÙØ©,YazeedDhardaa25,Observing a JIHAD NEWS mainly about Islamic State.,,823,127,09-09-2015 13:55,@FujioMaiko YT link?
Ø§Ø¨Ùˆ Ø§Ù„Ø¯Ø±Ø¯Ø§Ø¡ #Ø®Ù„Ø§ÙØ©,YazeedDhardaa25,Observing a JIHAD NEWS mainly about Islamic State.,,823,127,09-09-2015 18:04,@IsabatuBaghdadi Jazakallahu akhi @FujioMaiko @TruthFulFamily2
Ø§Ø¨Ùˆ Ø§Ù„Ø¯Ø±Ø¯Ø§Ø¡ #Ø®Ù„Ø§ÙØ©,YazeedDhardaa25,Observing a JIHAD NEWS mainly about Islamic State.,,823,127,09-09-2015 18:05,@FujioMaiko I know you can search it for me ya akhi abu nasheed
Ø§Ø¨Ùˆ Ø§Ù„Ø¯Ø±Ø¯Ø§Ø¡ #Ø®Ù„Ø§ÙØ©,YazeedDhardaa25,Observing a JIHAD NEWS mainly about Islamic State.,,823,127,09-09-2015 18:05,@FujioMaiko Jazakallahu akhi
Ø§Ø¨Ùˆ Ø§Ù„Ø¯Ø±Ø¯Ø§Ø¡ #Ø®Ù„Ø§ÙØ©,YazeedDhardaa25,Observing a JIHAD NEWS mainly about Islamic State.,,823,127,09-09-2015 18:30,@jtmharreh a lion that thirsting a safavid's bloods with his silencer.
Ø§Ø¨Ùˆ Ø§Ù„Ø¯Ø±Ø¯Ø§Ø¡ #Ø®Ù„Ø§ÙØ©,YazeedDhardaa25,Observing a JIHAD NEWS mainly about Islamic State.,,823,127,09-09-2015 18:42,It was a year after the released of Saleel As Sawarim 4.. I hope the 5th version will coming soon.
Ø§Ø¨Ùˆ Ø§Ù„Ø¯Ø±Ø¯Ø§Ø¡ #Ø®Ù„Ø§ÙØ©,YazeedDhardaa25,Observing a JIHAD NEWS mainly about Islamic State.,,823,127,09-09-2015 18:56,RT @RamiAlLolah: #Facebook page of Ole Johan Ofstad from #Norway who #ISIS demands a ransom for his release: https://t.co/ujK4onj5Td http:/â€¦
